Diag,TP,TN,FP,FN,Prevalence,Accuracy,Precision,NPV,FDR,FOR,check_Pos,check_Neg,Recall (Sensitivity),FPR,FNR,TNR (Specificity),check_Pos2,check_Neg2,LR+,LR-,DOR,F1,MCC,BM,MK,Predicted Positive Ratio,ROC AUC,# of Positive Examples
Diag: Autism Spectrum Disorder,123.01,723.01,95.01,34.01,0.16,0.8677,0.5642,0.9551,0.4358,0.0449,1.0,1.0,0.7834,0.1161,0.2166,0.8839,1.0,1.0,6.7476,0.2451,1,0.656,0.5886,0.6673,0.5192999999999999,0.22,0.9027766963076013,524.0
Diag: Generalized Anxiety Disorder,122.01,639.01,182.01,32.01,0.16,0.7805,0.4013,0.9523,0.5987,0.0477,1.0,1.0,0.7922,0.2217,0.2078,0.7783,1.0,1.0,3.5733,0.267,1,0.5327,0.4491,0.5705,0.35360000000000014,0.31,0.8773510289953652,512.0
Diag: Enuresis,71.01,748.01,144.01,12.01,0.09,0.84,0.3302,0.9842,0.6698,0.0158,1.0,1.0,0.8553,0.1614,0.1447,0.8386,1.0,1.0,5.2993,0.1725,1,0.4765,0.4671,0.6939,0.3144,0.22,0.8770935760981144,278.0
Diag: Oppositional Defiant Disorder,118.01,628.01,206.01,23.01,0.14,0.7651,0.3642,0.9647,0.6358,0.0353,1.0,1.0,0.8368,0.247,0.1632,0.753,1.0,1.0,3.3879,0.2167,1,0.5075,0.4404,0.5897999999999999,0.32889999999999997,0.33,0.8652312192798952,469.0
Diag: ADHD-Combined Type,223.01,526.01,170.01,56.01,0.29,0.7682,0.5674,0.9038,0.4326,0.0962,1.0,1.0,0.7993,0.2443,0.2007,0.7557,1.0,1.0,3.2718,0.2656,1,0.6637,0.5114,0.5550000000000002,0.47120000000000006,0.4,0.8598133728834507,931.0
Diag: Social Anxiety (Social Phobia),54.01,775.01,100.01,46.01,0.1,0.8502,0.3507,0.944,0.6493,0.056,1.0,1.0,0.54,0.1143,0.46,0.8857,1.0,1.0,4.7244,0.5194,1,0.4252,0.3542,0.42569999999999997,0.29469999999999996,0.16,0.8449599999999999,334.0
Diag: No Diagnosis Given,56.01,693.01,199.01,27.01,0.09,0.7682,0.2196,0.9625,0.7804,0.0375,1.0,1.0,0.6747,0.2231,0.3253,0.7769,1.0,1.0,3.0242,0.4187,1,0.3314,0.2868,0.4516,0.18209999999999993,0.26,0.8041763466421741,276.0
