Diag,TP,TN,FP,FN,Prevalence,Accuracy,Precision,NPV,FDR,FOR,check_Pos,check_Neg,Recall (Sensitivity),FPR,FNR,TNR (Specificity),check_Pos2,check_Neg2,LR+,LR-,DOR,F1,MCC,BM,MK,Predicted Positive Ratio,ROC AUC,# of Positive Examples
Diag: Autism Spectrum Disorder,124.01,709.01,109.01,33.01,0.16,0.8543,0.5322,0.9555,0.4678,0.0445,1.0,1.0,0.7898,0.1333,0.2102,0.8667,1.0,1.0,5.925,0.2425,1,0.6359,0.5658,0.6564999999999999,0.4877,0.24,0.900409574385249,524.0
Diag: Generalized Anxiety Disorder,122.01,636.01,185.01,32.01,0.16,0.7774,0.3974,0.9521,0.6026,0.0479,1.0,1.0,0.7922,0.2253,0.2078,0.7747,1.0,1.0,3.5162,0.2682,1,0.5293,0.4451,0.5669,0.3494999999999999,0.31,0.877366847525191,512.0
Diag: Enuresis,71.01,756.01,136.01,12.01,0.09,0.8482,0.343,0.9844,0.657,0.0156,1.0,1.0,0.8553,0.1525,0.1447,0.8475,1.0,1.0,5.6085,0.1707,1,0.4896,0.4797,0.7027999999999999,0.32740000000000014,0.21,0.8714544275757738,278.0
Diag: Oppositional Defiant Disorder,109.01,659.01,175.01,32.01,0.14,0.7877,0.3838,0.9537,0.6162,0.0463,1.0,1.0,0.773,0.2098,0.227,0.7902,1.0,1.0,3.6845,0.2873,1,0.5129,0.436,0.5632000000000001,0.3374999999999999,0.29,0.8692195180026192,469.0
Diag: ADHD-Combined Type,232.01,514.01,182.01,47.01,0.29,0.7651,0.5604,0.9162,0.4396,0.0838,1.0,1.0,0.8315,0.2615,0.1685,0.7385,1.0,1.0,3.1797,0.2282,1,0.6695,0.5212,0.5700000000000001,0.4765999999999999,0.42,0.8585001853911755,931.0
Diag: Social Anxiety (Social Phobia),82.01,627.01,248.01,18.01,0.1,0.7272,0.2485,0.9721,0.7515,0.0279,1.0,1.0,0.8199,0.2834,0.1801,0.7166,1.0,1.0,2.8931,0.2513,1,0.3814,0.344,0.5365,0.2205999999999999,0.34,0.85504,334.0
Diag: No Diagnosis Given,53.01,717.01,175.01,30.01,0.09,0.7897,0.2325,0.9598,0.7675,0.0402,1.0,1.0,0.6385,0.1962,0.3615,0.8038,1.0,1.0,3.2543,0.4497,1,0.3409,0.2917,0.4422999999999999,0.19229999999999992,0.23,0.7988005834999189,276.0
