,Number of features,ROC AUC,Recall (Sensitivity),TNR (Specificity)
0,550,0.8773905753199298,0.7792,0.7844
1,10,0.8695604030561399,0.7857,0.7576
2,100,0.8698214087982663,0.7467,0.8185
