,Number of features,ROC AUC,Recall (Sensitivity),TNR (Specificity)
0,546,0.8598133728834507,0.7993,0.7557
1,15,0.8474745602109341,0.767,0.7543
2,100,0.8445237506694682,0.8136,0.7126
