,Number of features,ROC AUC,Recall (Sensitivity),TNR (Specificity)
0,550,0.8552228571428571,0.8199,0.7143
1,17,0.8311028571428571,0.8299,0.656
2,100,0.83168,0.72,0.8114
