,Number of features,ROC AUC,Recall (Sensitivity),TNR (Specificity)
0,550,0.877358938260278,0.7922,0.7783
1,10,0.8625053387538162,0.7922,0.7491
2,100,0.8639052786434028,0.7662,0.7698
