,Number of features,ROC AUC,Recall (Sensitivity),TNR (Specificity)
0,550,0.8449714285714285,0.54,0.8857
1,17,0.8450228571428571,0.8699,0.664
2,100,0.8446057142857144,0.8299,0.6994
