,Number of features,ROC AUC,Recall (Sensitivity),TNR (Specificity)
0,550,0.8775325517315901,0.8553,0.8386
1,5,0.8774650170187476,0.8553,0.8397
2,100,0.8774650170187476,0.8553,0.8397
