,Number of features,ROC AUC,Recall (Sensitivity),TNR (Specificity)
0,451,0.7987870765573505,0.6385,0.8038
1,16,0.7850977902641959,0.7108,0.7545
2,100,0.792668431573829,0.759,0.7164
