,Number of features,ROC AUC,Recall (Sensitivity),TNR (Specificity)
0,1084,0.9724351953267617,0.9771,0.763
1,13,0.8745892661555312,0.9316,0.5703
2,100,0.8705732018985031,0.9089,0.5904
