,Number of features,ROC AUC,Recall (Sensitivity),TNR (Specificity)
0,1084,0.8350675428988683,0.9771,0.5301
1,24,0.7774735304855788,0.9998,0.0
2,100,0.7551113545089448,0.9998,0.0
