,Number of features,ROC AUC,Recall (Sensitivity),TNR (Specificity)
0,1084,0.8360871647509579,0.9685,0.5747
1,23,0.8375239463601533,0.9685,0.2797
2,100,0.8170498084291188,0.9372,0.341
