,Number of features,ROC AUC,Recall (Sensitivity),TNR (Specificity)
0,451,0.804203360527311,0.6747,0.7769
1,13,0.777986385001891,0.771,0.7399
2,100,0.7909935706953373,0.7469,0.6749
