,Number of features,ROC AUC,Recall (Sensitivity),TNR (Specificity)
0,1084,0.8185571490656236,0.8304,0.6966
1,16,0.8272490221642765,0.8135,0.7265
2,100,0.825510647544546,0.7965,0.7222
