,Number of features,ROC AUC,Recall (Sensitivity),TNR (Specificity)
0,1080,0.8490667420814481,0.9411,0.6202
1,7,0.8474547511312217,0.9293,0.5817
2,100,0.8466628959276019,0.9293,0.5865
