,Number of features,ROC AUC,Recall (Sensitivity),TNR (Specificity)
0,550,0.900432934141062,0.7898,0.8667
1,14,0.8952431750580101,0.7707,0.8643
2,100,0.9001759768271221,0.8535,0.8019
