,Number of features,ROC AUC,Recall (Sensitivity),TNR (Specificity)
0,1084,0.9521072796934866,0.9372,0.7739
1,23,0.8506944444444444,0.8123,0.7203
2,100,0.8447078544061304,0.7811,0.705
