,Number of features,ROC AUC,Recall (Sensitivity),TNR (Specificity)
0,1084,0.8300306435137895,0.7191,0.7757
1,14,0.8184542049710588,0.6966,0.8151
2,100,0.8346952672795368,0.7977,0.697
