,Number of features,ROC AUC,Recall (Sensitivity),TNR (Specificity)
0,550,0.8652312192798952,0.8368,0.753
1,10,0.8586620065649607,0.8368,0.7566
2,100,0.863079748966784,0.851,0.7362
