,Number of features,ROC AUC,Recall (Sensitivity),TNR (Specificity)
0,550,0.877366847525191,0.7922,0.7747
1,10,0.869552493791227,0.7857,0.7576
2,100,0.8693310343736653,0.7402,0.8258
