,Number of features,ROC AUC,Recall (Sensitivity),TNR (Specificity)
0,550,0.9027689097223305,0.7834,0.8839
1,12,0.9037188731253796,0.777,0.8814
2,100,0.9064441779701929,0.8344,0.8154
