,Number of features,ROC AUC,Recall (Sensitivity),TNR (Specificity)
0,1084,0.9307547443140664,0.9998,0.5128
1,16,0.8212371432710416,0.9659,0.4231
2,100,0.8198609300304216,0.9659,0.4359
