,Number of features,ROC AUC,Recall (Sensitivity),TNR (Specificity)
0,1084,0.8485441112559757,0.8304,0.7607
1,21,0.8581051716644937,0.8135,0.7393
2,100,0.854845719252499,0.8135,0.7436
