,Number of features,ROC AUC,Recall (Sensitivity),TNR (Specificity)
0,1084,0.9473417354773287,0.949,0.6709
1,21,0.8586121975952484,0.8812,0.6709
2,100,0.853541938287701,0.8643,0.6667
