,Number of features,ROC AUC,Recall (Sensitivity),TNR (Specificity)
0,1084,0.8281039892424922,0.7731,0.7546
1,12,0.8299609400012807,0.7525,0.7702
2,100,0.8297048088621374,0.7525,0.7484
