,Number of features,ROC AUC,Recall (Sensitivity),TNR (Specificity)
0,550,0.8714544275757738,0.8553,0.8475
1,7,0.8721162677616294,0.8553,0.8475
2,100,0.8721162677616294,0.8553,0.8475
