,Number of features,ROC AUC,Recall (Sensitivity),TNR (Specificity)
0,1084,0.8360871647509579,0.8435,0.7241
1,23,0.8375239463601533,0.7498,0.7663
2,100,0.8170498084291188,0.7186,0.7509
