,Number of features,ROC AUC,Recall (Sensitivity),TNR (Specificity)
0,1084,0.9377510040160641,0.9998,0.5823
1,24,0.7774735304855787,0.9998,0.0041
2,100,0.7537422416940489,0.9998,0.0081
