,Number of features,ROC AUC,Recall (Sensitivity),TNR (Specificity)
0,1080,0.8491233031674209,0.9058,0.6634
1,7,0.8474547511312217,0.8823,0.6442
2,100,0.8466628959276019,0.894,0.6394
