,Number of features,ROC AUC,Recall (Sensitivity),TNR (Specificity)
0,1084,0.8931179262504563,0.818,0.8474
1,13,0.8744067177802118,0.5682,0.9076
2,100,0.866557137641475,0.5909,0.9237
