,Number of features,ROC AUC,Recall (Sensitivity),TNR (Specificity)
0,1080,0.8753393665158371,0.9881,0.375
1,7,0.8463800904977374,0.9764,0.3029
2,100,0.8440610859728507,0.9764,0.3221
