,Number of features,ROC AUC,Recall (Sensitivity),TNR (Specificity)
0,1080,0.8925906645844178,0.9468,0.7026
1,7,0.8787957660940483,0.8495,0.7843
2,100,0.8802996124703568,0.8937,0.7549
