,Number of features,ROC AUC,Recall (Sensitivity),TNR (Specificity)
0,550,0.8652312192798952,0.8368,0.753
1,12,0.8547927615354525,0.851,0.6811
2,100,0.8548905556405938,0.7659,0.7746
