,Number of features,ROC AUC,Recall (Sensitivity),TNR (Specificity)
0,1084,0.7641916307261918,0.6738,0.7104
1,9,0.7316994987760812,0.8042,0.5362
2,100,0.7267164005128802,0.7173,0.622
