,Number of features,ROC AUC,Recall (Sensitivity),TNR (Specificity)
0,1084,0.824048706240487,0.7777,0.737
1,15,0.7854388635210553,0.6851,0.7342
2,100,0.8076610857432776,0.8147,0.6301
