,Number of features,ROC AUC,Recall (Sensitivity),TNR (Specificity)
0,1084,0.8486165435317977,0.8135,0.782
1,21,0.8581051716644937,0.8135,0.7564
2,100,0.8550630160799653,0.8135,0.7649
