,Number of features,ROC AUC,Recall (Sensitivity),TNR (Specificity)
0,550,0.8692450295083082,0.773,0.7902
1,16,0.8639896593363606,0.7517,0.8141
2,100,0.8660986104733235,0.8581,0.7086
