,Number of features,ROC AUC,Recall (Sensitivity),TNR (Specificity)
0,550,0.85512,0.8199,0.7166
1,17,0.8310914285714286,0.8299,0.656
2,100,0.8317028571428572,0.72,0.8114
