,Number of features,ROC AUC,Recall (Sensitivity),TNR (Specificity)
0,1084,0.914341590612777,0.7845,0.8729
1,14,0.8984137331594959,0.846,0.7994
2,100,0.8991308126901348,0.8614,0.7938
