,Number of features,ROC AUC,Recall (Sensitivity),TNR (Specificity)
0,550,0.9027844828928722,0.7834,0.8839
1,14,0.9073785682027004,0.8344,0.8423
2,100,0.9087256474545653,0.8471,0.8374
