,Number of features,ROC AUC,Recall (Sensitivity),TNR (Specificity)
0,1084,0.8075744917850181,0.8146,0.7143
1,11,0.7951127819548872,0.7406,0.7293
2,100,0.7964355332776386,0.7406,0.7218
