,Number of features,ROC AUC,Recall (Sensitivity),TNR (Specificity)
0,546,0.8585001853911753,0.8315,0.7385
1,16,0.8495421867919086,0.8315,0.7112
2,100,0.8408931734849421,0.7168,0.773
