,Number of features,ROC AUC,Recall (Sensitivity),TNR (Specificity)
0,550,0.877366847525191,0.7922,0.7783
1,10,0.8625053387538163,0.7922,0.7491
2,100,0.8623787905152095,0.7857,0.7588
