,Number of features,ROC AUC,Recall (Sensitivity),TNR (Specificity)
0,1084,0.8950216450216449,0.9284,0.7355
1,22,0.8570936639118457,0.8392,0.6997
2,100,0.8497638724911453,0.857,0.6308
