,Number of features,ROC AUC,Recall (Sensitivity),TNR (Specificity)
0,550,0.8775325517315901,0.8553,0.8386
1,3,0.8775460586741586,0.8553,0.8475
2,100,0.8775460586741586,0.8553,0.8475
