Diag,TP,TN,FP,FN,Prevalence,Accuracy,Precision,NPV,FDR,FOR,check_Pos,check_Neg,Recall (Sensitivity),FPR,FNR,TNR (Specificity),check_Pos2,check_Neg2,LR+,LR-,DOR,F1,MCC,BM,MK,Predicted Positive Ratio,ROC AUC,# of Positive Examples
Diag: Generalized Anxiety Disorder,122.01,621.01,200.01,32.01,0.16,0.762,0.3789,0.951,0.6211,0.049,1.0,1.0,0.7922,0.2436,0.2078,0.7564,1.0,1.0,3.2521,0.2747,1,0.5126,0.4254,0.5486,0.32989999999999986,0.33,0.8752629830583545,512.0
Diag: Specific Learning Disorder with Impairment in Reading,129.01,513.01,276.01,57.01,0.19,0.6585,0.3185,0.9,0.6815,0.1,1.0,1.0,0.6935,0.3498,0.3065,0.6502,1.0,1.0,1.9826,0.4714,1,0.4365,0.2741,0.3437000000000001,0.21850000000000014,0.42,0.7278506889079684,619.0
