Diag,TP,TN,FP,FN,Prevalence,Accuracy,Precision,NPV,FDR,FOR,check_Pos,check_Neg,Recall (Sensitivity),FPR,FNR,TNR (Specificity),check_Pos2,check_Neg2,LR+,LR-,DOR,F1,MCC,BM,MK,Predicted Positive Ratio,ROC AUC,# of Positive Examples
Diag: Autism Spectrum Disorder,128.01,691.01,127.01,29.01,0.16,0.84,0.502,0.9597,0.498,0.0403,1.0,1.0,0.8152,0.1553,0.1848,0.8447,1.0,1.0,5.2492,0.2188,1,0.6214,0.552,0.6598999999999999,0.4617,0.26,0.9012038060828805,524.0
Diag: Enuresis,72.01,771.01,121.01,11.01,0.09,0.8646,0.3731,0.9859,0.6269,0.0141,1.0,1.0,0.8674,0.1357,0.1326,0.8643,1.0,1.0,6.392,0.1534,1,0.5218,0.5125,0.7317,0.359,0.2,0.8918364039116105,278.0
Diag: Oppositional Defiant Disorder,122.01,593.01,241.01,19.01,0.14,0.7333,0.3361,0.9689,0.6639,0.0311,1.0,1.0,0.8652,0.289,0.1348,0.711,1.0,1.0,2.9938,0.1896,1,0.4841,0.4192,0.5762,0.30499999999999994,0.37,0.8638621018079153,469.0
Diag: Generalized Anxiety Disorder,120.01,631.01,190.01,34.01,0.16,0.7702,0.3871,0.9489,0.6129,0.0511,1.0,1.0,0.7792,0.2314,0.2208,0.7686,1.0,1.0,3.3673,0.2873,1,0.5172,0.429,0.5478000000000001,0.33599999999999985,0.32,0.8527136687916226,512.0
Diag: ADHD-Combined Type,216.01,518.01,178.01,63.01,0.29,0.7528,0.5482,0.8916,0.4518,0.1084,1.0,1.0,0.7742,0.2558,0.2258,0.7442,1.0,1.0,3.0266,0.3034,1,0.6419,0.4775,0.5184,0.43979999999999997,0.4,0.8492615251514029,931.0
Diag: Social Anxiety (Social Phobia),66.01,728.01,147.01,34.01,0.1,0.8143,0.3099,0.9554,0.6901,0.0446,1.0,1.0,0.66,0.168,0.34,0.832,1.0,1.0,3.9286,0.4087,1,0.4218,0.3612,0.492,0.2653000000000001,0.22,0.8347657142857142,334.0
Diag: No Diagnosis Given,53.01,710.01,182.01,30.01,0.09,0.7826,0.2256,0.9594,0.7744,0.0406,1.0,1.0,0.6385,0.204,0.3615,0.796,1.0,1.0,3.1299,0.4541,1,0.3334,0.2835,0.4344999999999999,0.18500000000000005,0.24,0.7989491598681722,276.0
